[{"model": "cheptel.espece", "pk": 1, "fields": {"nom": "Poule pondeuse", "created_at": "2026-05-07T11:29:38.721Z", "updated_at": "2026-05-07T11:29:38.721Z"}}, {"model": "cheptel.espece", "pk": 2, "fields": {"nom": "Bovin", "created_at": "2026-05-07T11:29:38.722Z", "updated_at": "2026-05-07T11:29:38.722Z"}}, {"model": "cheptel.espece", "pk": 3, "fields": {"nom": "Caprin", "created_at": "2026-05-07T11:29:38.723Z", "updated_at": "2026-05-07T11:29:38.723Z"}}, {"model": "cheptel.espece", "pk": 4, "fields": {"nom": "Poulet", "created_at": "2026-05-09T12:21:21.691Z", "updated_at": "2026-05-09T12:21:21.691Z"}}, {"model": "cheptel.espece", "pk": 5, "fields": {"nom": "Lapin", "created_at": "2026-05-09T12:21:21.739Z", "updated_at": "2026-05-09T12:21:21.739Z"}}, {"model": "cheptel.espece", "pk": 6, "fields": {"nom": "Canard", "created_at": "2026-05-09T12:21:21.785Z", "updated_at": "2026-05-09T12:21:21.785Z"}}, {"model": "cheptel.espece", "pk": 7, "fields": {"nom": "Dinde", "created_at": "2026-05-09T12:21:21.831Z", "updated_at": "2026-05-09T12:21:21.831Z"}}, {"model": "cheptel.espece", "pk": 8, "fields": {"nom": "Mouton", "created_at": "2026-05-09T12:21:21.879Z", "updated_at": "2026-05-09T12:21:21.879Z"}}, {"model": "cheptel.espece", "pk": 9, "fields": {"nom": "Chčvre", "created_at": "2026-05-09T12:21:21.930Z", "updated_at": "2026-05-09T12:21:21.930Z"}}, {"model": "cheptel.espece", "pk": 10, "fields": {"nom": "Porc", "created_at": "2026-05-09T12:21:21.984Z", "updated_at": "2026-05-09T12:21:21.984Z"}}, {"model": "cheptel.espece", "pk": 11, "fields": {"nom": "Oie", "created_at": "2026-05-09T12:21:22.035Z", "updated_at": "2026-05-09T12:21:22.035Z"}}, {"model": "cheptel.espece", "pk": 12, "fields": {"nom": "Pintade", "created_at": "2026-05-09T12:21:22.085Z", "updated_at": "2026-05-09T12:21:22.085Z"}}, {"model": "cheptel.produit", "pk": 1, "fields": {"nom": "Vaccin Marek", "description": "", "created_at": "2026-05-09T13:09:37.712Z"}}, {"model": "cheptel.produit", "pk": 2, "fields": {"nom": "Vaccin Gumboro", "description": "", "created_at": "2026-05-09T13:09:37.760Z"}}, {"model": "cheptel.produit", "pk": 3, "fields": {"nom": "Vaccin Newcastle", "description": "", "created_at": "2026-05-09T13:09:37.808Z"}}, {"model": "cheptel.produit", "pk": 4, "fields": {"nom": "Vaccin Bronchite infectieuse", "description": "", "created_at": "2026-05-09T13:09:37.854Z"}}, {"model": "cheptel.produit", "pk": 5, "fields": {"nom": "Amoxicilline", "description": "", "created_at": "2026-05-09T13:09:37.903Z"}}, {"model": "cheptel.produit", "pk": 6, "fields": {"nom": "Doxycycline", "description": "", "created_at": "2026-05-09T13:09:37.952Z"}}, {"model": "cheptel.produit", "pk": 7, "fields": {"nom": "Vitamines", "description": "", "created_at": "2026-05-09T13:09:38.002Z"}}, {"model": "cheptel.produit", "pk": 8, "fields": {"nom": "Déparasitant", "description": "", "created_at": "2026-05-09T13:09:38.055Z"}}, {"model": "cheptel.produit", "pk": 9, "fields": {"nom": "Anti-inflammatoire", "description": "", "created_at": "2026-05-09T13:09:38.107Z"}}, {"model": "cheptel.produit", "pk": 10, "fields": {"nom": "Antibiotique large spectre", "description": "", "created_at": "2026-05-09T13:09:38.160Z"}}, {"model": "cheptel.lotpondeuses", "pk": 1, "fields": {"nom": "Lot A", "ferme": 1, "espece": 1, "nombre_sujets": 120, "date_mise_en_place": "2026-05-07", "race": "", "notes": "", "createur": null, "created_at": "2026-05-07T11:29:38.728Z", "updated_at": "2026-05-07T11:29:38.728Z"}}, {"model": "cheptel.lotpondeuses", "pk": 2, "fields": {"nom": "Lot A - Pondeuses 2000", "ferme": 2, "espece": 1, "nombre_sujets": 73, "date_mise_en_place": "2019-02-14", "race": "Norvegien", "notes": "", "createur": null, "created_at": "2026-05-09T12:17:14.792Z", "updated_at": "2026-05-09T12:17:14.792Z"}}, {"model": "cheptel.lotpondeuses", "pk": 3, "fields": {"nom": "Lot A-Poulet 2025", "ferme": 2, "espece": 4, "nombre_sujets": 29, "date_mise_en_place": "2025-10-09", "race": "Isa Brown", "notes": "", "createur": null, "created_at": "2026-05-09T12:29:50.950Z", "updated_at": "2026-05-09T12:29:50.950Z"}}, {"model": "cheptel.lotpondeuses", "pk": 4, "fields": {"nom": "Lot A-Lapin 2025", "ferme": 2, "espece": 5, "nombre_sujets": 52, "date_mise_en_place": "2025-02-14", "race": "Fauve de Bourgogne", "notes": "", "createur": null, "created_at": "2026-05-09T12:31:07.138Z", "updated_at": "2026-05-09T12:31:07.138Z"}}, {"model": "cheptel.lotpondeuses", "pk": 5, "fields": {"nom": "Lot A-Chčvre 2024", "ferme": 2, "espece": 9, "nombre_sujets": 17, "date_mise_en_place": "2024-03-21", "race": "Rousse de Maradi", "notes": "", "createur": null, "created_at": "2026-05-09T12:32:23.832Z", "updated_at": "2026-05-09T12:32:23.832Z"}}, {"model": "cheptel.lotpondeuses", "pk": 6, "fields": {"nom": "Lot A- Bovin 2025", "ferme": 2, "espece": 2, "nombre_sujets": 9, "date_mise_en_place": "2025-01-30", "race": "Borgou", "notes": "", "createur": null, "created_at": "2026-05-09T12:33:41.644Z", "updated_at": "2026-05-09T12:33:41.644Z"}}, {"model": "cheptel.lotpondeuses", "pk": 7, "fields": {"nom": "Lot A- Carnard 2023", "ferme": 2, "espece": 6, "nombre_sujets": 32, "date_mise_en_place": "2023-09-07", "race": "Mulard", "notes": "", "createur": null, "created_at": "2026-05-09T12:34:48.162Z", "updated_at": "2026-05-09T12:34:48.162Z"}}, {"model": "cheptel.lotpondeuses", "pk": 8, "fields": {"nom": "Lot B-Pondeuse 2026", "ferme": 2, "espece": 1, "nombre_sujets": 27, "date_mise_en_place": "2026-04-03", "race": "Norvegien", "notes": "Ajout Lot B", "createur": 3, "created_at": "2026-05-10T07:58:42.095Z", "updated_at": "2026-05-10T07:58:42.095Z"}}, {"model": "cheptel.lotpondeuses", "pk": 9, "fields": {"nom": "Lot A-Pintade", "ferme": 2, "espece": 12, "nombre_sujets": 11, "date_mise_en_place": "2025-02-22", "race": "Pintade de Numidie", "notes": "Pintade de Numidie Lot A", "createur": 3, "created_at": "2026-05-24T17:02:13.740Z", "updated_at": "2026-05-24T17:02:13.740Z"}}, {"model": "cheptel.lotpondeuses", "pk": 10, "fields": {"nom": "Lot A - Dindes 2024", "ferme": 2, "espece": 7, "nombre_sujets": 12, "date_mise_en_place": "2024-11-06", "race": "Dinde Bronze", "notes": "", "createur": 3, "created_at": "2026-05-25T08:03:29.822Z", "updated_at": "2026-05-25T08:03:29.822Z"}}, {"model": "cheptel.lotpondeuses", "pk": 11, "fields": {"nom": "Lot A - Porc 2022", "ferme": 2, "espece": 10, "nombre_sujets": 23, "date_mise_en_place": "2023-01-03", "race": "Large White, Landrace, Duroc", "notes": "Plusieurs Race", "createur": 3, "created_at": "2026-05-25T08:26:06.008Z", "updated_at": "2026-05-25T08:26:06.008Z"}}, {"model": "cheptel.animal", "pk": 1, "fields": {"identifiant": "PO-001", "nom": "Cocotte", "ferme": 1, "espece": 1, "lot": 1, "race": "", "sexe": "F", "date_naissance": null, "date_arrivee": "2026-05-07", "statut": "ACTIF", "photo": "", "notes": "", "createur": null, "created_at": "2026-05-07T11:29:38.730Z", "updated_at": "2026-05-07T11:29:38.730Z"}}, {"model": "cheptel.animal", "pk": 2, "fields": {"identifiant": "PO-002", "nom": "Cocotte", "ferme": 2, "espece": 1, "lot": 2, "race": "Norvegien", "sexe": "M", "date_naissance": "2025-02-05", "date_arrivee": "2026-05-09", "statut": "ACTIF", "photo": "", "notes": "", "createur": null, "created_at": "2026-05-09T12:27:24.843Z", "updated_at": "2026-05-09T12:27:24.843Z"}}, {"model": "cheptel.animal", "pk": 3, "fields": {"identifiant": "PO-003", "nom": "Rousse", "ferme": 2, "espece": 4, "lot": 3, "race": "ISA Brown", "sexe": "F", "date_naissance": "2022-02-03", "date_arrivee": "2026-05-09", "statut": "ACTIF", "photo": "", "notes": "", "createur": null, "created_at": "2026-05-09T12:36:29.698Z", "updated_at": "2026-05-09T12:36:29.698Z"}}, {"model": "cheptel.animal", "pk": 4, "fields": {"identifiant": "PO-004", "nom": "Noirette", "ferme": 2, "espece": 4, "lot": 3, "race": "ISA Brown", "sexe": "F", "date_naissance": "2025-03-07", "date_arrivee": "2026-05-09", "statut": "ACTIF", "photo": "", "notes": "", "createur": null, "created_at": "2026-05-09T12:37:30.384Z", "updated_at": "2026-05-09T12:37:30.384Z"}}, {"model": "cheptel.animal", "pk": 5, "fields": {"identifiant": "PO-005", "nom": "Jaunette", "ferme": 2, "espece": 4, "lot": 3, "race": "ISA Brown", "sexe": "F", "date_naissance": "2025-12-11", "date_arrivee": "2026-05-09", "statut": "ACTIF", "photo": "", "notes": "", "createur": null, "created_at": "2026-05-09T12:38:25.831Z", "updated_at": "2026-05-09T12:38:25.831Z"}}, {"model": "cheptel.animal", "pk": 6, "fields": {"identifiant": "PO-006", "nom": "Coquette", "ferme": 2, "espece": 4, "lot": 3, "race": "ISA Brown", "sexe": "M", "date_naissance": "2025-01-01", "date_arrivee": "2026-05-09", "statut": "VENDU", "photo": "", "notes": "", "createur": null, "created_at": "2026-05-09T12:39:49.347Z", "updated_at": "2026-05-10T07:53:22.350Z"}}, {"model": "cheptel.animal", "pk": 7, "fields": {"identifiant": "PO-007", "nom": "Picorette", "ferme": 2, "espece": 4, "lot": 3, "race": "ISA Brown", "sexe": "M", "date_naissance": "2025-12-03", "date_arrivee": "2026-05-09", "statut": "ACTIF", "photo": "", "notes": "", "createur": null, "created_at": "2026-05-09T12:40:54.430Z", "updated_at": "2026-05-10T07:53:47.227Z"}}, {"model": "cheptel.animal", "pk": 9, "fields": {"identifiant": "PO-009", "nom": "Dorée", "ferme": 2, "espece": 4, "lot": 3, "race": "ISA Brown", "sexe": "M", "date_naissance": "2025-01-10", "date_arrivee": "2026-05-09", "statut": "ACTIF", "photo": "", "notes": "", "createur": null, "created_at": "2026-05-09T12:42:55.512Z", "updated_at": "2026-05-09T12:42:55.512Z"}}, {"model": "cheptel.animal", "pk": 10, "fields": {"identifiant": "PO-010", "nom": "Coq Rocky", "ferme": 2, "espece": 4, "lot": 3, "race": "ISA Brown", "sexe": "M", "date_naissance": "2025-11-09", "date_arrivee": "2026-05-09", "statut": "ACTIF", "photo": "", "notes": "", "createur": null, "created_at": "2026-05-09T12:43:52.017Z", "updated_at": "2026-05-09T12:43:52.017Z"}}, {"model": "cheptel.animal", "pk": 11, "fields": {"identifiant": "PO-O11", "nom": "Achig", "ferme": 2, "espece": 4, "lot": 3, "race": "ISA Brown", "sexe": "F", "date_naissance": "2025-05-17", "date_arrivee": "2026-05-09", "statut": "VENDU", "photo": "", "notes": "", "createur": null, "created_at": "2026-05-09T12:45:04.746Z", "updated_at": "2026-05-09T12:45:04.746Z"}}, {"model": "cheptel.animal", "pk": 12, "fields": {"identifiant": "LAP-001", "nom": "Flocon", "ferme": 2, "espece": 5, "lot": 4, "race": "Fauve de Bourgogne", "sexe": "M", "date_naissance": "2025-02-01", "date_arrivee": "2026-05-09", "statut": "ACTIF", "photo": "", "notes": "", "createur": null, "created_at": "2026-05-09T12:45:58.332Z", "updated_at": "2026-05-09T12:45:58.332Z"}}, {"model": "cheptel.animal", "pk": 13, "fields": {"identifiant": "LAP-002", "nom": "Caramel", "ferme": 2, "espece": 5, "lot": 4, "race": "Fauve de Bourgogne", "sexe": "F", "date_naissance": "2025-03-02", "date_arrivee": "2026-05-09", "statut": "ACTIF", "photo": "", "notes": "", "createur": null, "created_at": "2026-05-09T12:47:31.800Z", "updated_at": "2026-05-10T07:54:10.354Z"}}, {"model": "cheptel.animal", "pk": 14, "fields": {"identifiant": "LAP-003", "nom": "Noisette", "ferme": 2, "espece": 5, "lot": 4, "race": "Fauve de Bourgogne", "sexe": "F", "date_naissance": "2023-05-22", "date_arrivee": "2026-05-09", "statut": "ACTIF", "photo": "", "notes": "", "createur": null, "created_at": "2026-05-09T12:48:29.775Z", "updated_at": "2026-05-09T12:48:29.775Z"}}, {"model": "cheptel.animal", "pk": 15, "fields": {"identifiant": "LAP-004", "nom": "Câlin", "ferme": 2, "espece": 5, "lot": 4, "race": "Géant des Flandres", "sexe": "F", "date_naissance": "2025-11-05", "date_arrivee": "2026-05-09", "statut": "ACTIF", "photo": "", "notes": "", "createur": null, "created_at": "2026-05-09T12:49:30.117Z", "updated_at": "2026-05-09T12:49:30.117Z"}}, {"model": "cheptel.animal", "pk": 16, "fields": {"identifiant": "LAP-OO5", "nom": "Afoué", "ferme": 2, "espece": 5, "lot": 4, "race": "Géant des Flandres", "sexe": "F", "date_naissance": "2024-04-30", "date_arrivee": "2026-05-09", "statut": "ACTIF", "photo": "", "notes": "", "createur": null, "created_at": "2026-05-09T12:50:19.991Z", "updated_at": "2026-05-09T12:50:19.991Z"}}, {"model": "cheptel.animal", "pk": 17, "fields": {"identifiant": "LAP-OO6", "nom": "Jovi", "ferme": 2, "espece": 5, "lot": 4, "race": "Géant des Flandres", "sexe": "M", "date_naissance": "2025-07-14", "date_arrivee": "2026-05-09", "statut": "ACTIF", "photo": "", "notes": "", "createur": null, "created_at": "2026-05-09T12:51:01.317Z", "updated_at": "2026-05-09T12:51:01.317Z"}}, {"model": "cheptel.animal", "pk": 18, "fields": {"identifiant": "CV-001", "nom": "Brunette", "ferme": 2, "espece": 9, "lot": 5, "race": "Rousse de Maradi", "sexe": "M", "date_naissance": "2024-08-10", "date_arrivee": "2026-05-09", "statut": "ACTIF", "photo": "", "notes": "", "createur": null, "created_at": "2026-05-09T12:52:16.858Z", "updated_at": "2026-05-09T12:52:16.858Z"}}, {"model": "cheptel.animal", "pk": 19, "fields": {"identifiant": "CV-002", "nom": "Blanchon", "ferme": 2, "espece": 9, "lot": 5, "race": "Rousse de Maradi", "sexe": "F", "date_naissance": "2024-06-22", "date_arrivee": "2026-05-09", "statut": "ACTIF", "photo": "", "notes": "", "createur": null, "created_at": "2026-05-09T12:53:05.114Z", "updated_at": "2026-05-09T12:53:05.114Z"}}, {"model": "cheptel.animal", "pk": 20, "fields": {"identifiant": "CV-003", "nom": "Chevrette", "ferme": 2, "espece": 9, "lot": 5, "race": "Naine du Bénin", "sexe": "F", "date_naissance": "2024-09-13", "date_arrivee": "2026-05-09", "statut": "VENDU", "photo": "", "notes": "", "createur": null, "created_at": "2026-05-09T12:53:59.980Z", "updated_at": "2026-05-09T12:53:59.980Z"}}, {"model": "cheptel.animal", "pk": 21, "fields": {"identifiant": "CV-004", "nom": "Aroma", "ferme": 2, "espece": 9, "lot": 5, "race": "Naine du Bénin", "sexe": "F", "date_naissance": "2024-07-03", "date_arrivee": "2026-05-09", "statut": "ACTIF", "photo": "", "notes": "", "createur": null, "created_at": "2026-05-09T12:55:03.673Z", "updated_at": "2026-05-09T12:55:03.673Z"}}, {"model": "cheptel.animal", "pk": 22, "fields": {"identifiant": "CT-001", "nom": "Bellissima", "ferme": 2, "espece": 2, "lot": 6, "race": "Borgou", "sexe": "M", "date_naissance": "2025-04-09", "date_arrivee": "2026-05-09", "statut": "ACTIF", "photo": "", "notes": "", "createur": null, "created_at": "2026-05-09T12:56:02.871Z", "updated_at": "2026-05-09T12:56:02.871Z"}}, {"model": "cheptel.animal", "pk": 23, "fields": {"identifiant": "CT-002", "nom": "Ergba", "ferme": 2, "espece": 2, "lot": 6, "race": "Borgou", "sexe": "F", "date_naissance": "2024-05-23", "date_arrivee": "2026-05-09", "statut": "ACTIF", "photo": "", "notes": "", "createur": null, "created_at": "2026-05-09T12:57:09.411Z", "updated_at": "2026-05-09T12:57:09.411Z"}}, {"model": "cheptel.animal", "pk": 24, "fields": {"identifiant": "CT-003", "nom": "Assou", "ferme": 2, "espece": 2, "lot": 6, "race": "Borgou", "sexe": "M", "date_naissance": "2024-03-09", "date_arrivee": "2026-05-09", "statut": "ACTIF", "photo": "", "notes": "", "createur": null, "created_at": "2026-05-09T12:58:04.920Z", "updated_at": "2026-05-09T12:58:04.920Z"}}, {"model": "cheptel.animal", "pk": 25, "fields": {"identifiant": "CL-001", "nom": "Kiki", "ferme": 2, "espece": 6, "lot": 7, "race": "Mulard", "sexe": "M", "date_naissance": "2023-03-04", "date_arrivee": "2026-05-09", "statut": "DECEDE", "photo": "", "notes": "", "createur": null, "created_at": "2026-05-09T12:58:54.109Z", "updated_at": "2026-05-09T12:58:54.109Z"}}, {"model": "cheptel.animal", "pk": 26, "fields": {"identifiant": "CL-OO2", "nom": "Kougn", "ferme": 2, "espece": 6, "lot": 7, "race": "Mulard", "sexe": "M", "date_naissance": "2024-08-09", "date_arrivee": "2026-05-09", "statut": "ACTIF", "photo": "", "notes": "", "createur": null, "created_at": "2026-05-09T12:59:37.627Z", "updated_at": "2026-05-09T12:59:37.627Z"}}, {"model": "cheptel.animal", "pk": 27, "fields": {"identifiant": "CL-003", "nom": "AZQS", "ferme": 2, "espece": 6, "lot": 7, "race": "Mulard", "sexe": "F", "date_naissance": "2023-06-23", "date_arrivee": "2026-05-09", "statut": "ACTIF", "photo": "", "notes": "", "createur": null, "created_at": "2026-05-09T13:00:13.990Z", "updated_at": "2026-05-09T13:00:13.990Z"}}, {"model": "cheptel.animal", "pk": 28, "fields": {"identifiant": "PP-OO1", "nom": "Cocotte", "ferme": 2, "espece": 1, "lot": 2, "race": "Norvegien", "sexe": "M", "date_naissance": "2024-02-29", "date_arrivee": "2026-05-10", "statut": "ACTIF", "photo": "", "notes": "", "createur": 3, "created_at": "2026-05-10T07:35:25.806Z", "updated_at": "2026-05-10T07:36:33.947Z"}}, {"model": "cheptel.animal", "pk": 29, "fields": {"identifiant": "PIN-OO1", "nom": "TGA", "ferme": 2, "espece": 12, "lot": null, "race": "Pintade de Numidie", "sexe": "M", "date_naissance": null, "date_arrivee": "2026-05-24", "statut": "ACTIF", "photo": "", "notes": "", "createur": 3, "created_at": "2026-05-24T17:00:14.625Z", "updated_at": "2026-05-24T17:00:44.134Z"}}, {"model": "cheptel.animal", "pk": 30, "fields": {"identifiant": "LAP-OO7", "nom": "O7", "ferme": 2, "espece": 5, "lot": 4, "race": "Lapin Bélier", "sexe": "M", "date_naissance": "2025-01-22", "date_arrivee": "2026-05-25", "statut": "ACTIF", "photo": "", "notes": "", "createur": 3, "created_at": "2026-05-25T07:49:56.632Z", "updated_at": "2026-05-25T07:49:56.632Z"}}, {"model": "cheptel.animal", "pk": 31, "fields": {"identifiant": "LAP-008", "nom": "Qx", "ferme": 2, "espece": 5, "lot": 4, "race": "Lapin Bélier", "sexe": "M", "date_naissance": "2026-03-03", "date_arrivee": "2026-05-25", "statut": "ACTIF", "photo": "", "notes": "", "createur": 3, "created_at": "2026-05-25T07:57:28.694Z", "updated_at": "2026-05-25T07:57:28.694Z"}}, {"model": "cheptel.animal", "pk": 32, "fields": {"identifiant": "LAP-009", "nom": "Qx", "ferme": 2, "espece": 5, "lot": 4, "race": "Lapin Bélier", "sexe": "M", "date_naissance": "2026-03-03", "date_arrivee": "2026-05-25", "statut": "ACTIF", "photo": "", "notes": "", "createur": 3, "created_at": "2026-05-25T07:57:42.279Z", "updated_at": "2026-05-25T07:57:42.280Z"}}, {"model": "cheptel.animal", "pk": 33, "fields": {"identifiant": "LAP-010", "nom": "Aude", "ferme": 2, "espece": 5, "lot": 4, "race": "Lapin Nain", "sexe": "F", "date_naissance": "2025-07-11", "date_arrivee": "2026-05-25", "statut": "VENDU", "photo": "", "notes": "", "createur": 3, "created_at": "2026-05-25T07:58:52.552Z", "updated_at": "2026-05-25T07:58:52.552Z"}}, {"model": "cheptel.animal", "pk": 34, "fields": {"identifiant": "LAP-011", "nom": "O2", "ferme": 2, "espece": 5, "lot": 4, "race": "Lapin Nain", "sexe": "F", "date_naissance": "2025-09-01", "date_arrivee": "2026-05-25", "statut": "ACTIF", "photo": "", "notes": "", "createur": 3, "created_at": "2026-05-25T07:59:36.102Z", "updated_at": "2026-05-25T07:59:36.102Z"}}, {"model": "cheptel.animal", "pk": 35, "fields": {"identifiant": "LAP-012", "nom": "GBI", "ferme": 2, "espece": 5, "lot": 4, "race": "Lapin Angora", "sexe": "F", "date_naissance": "2024-01-02", "date_arrivee": "2026-05-25", "statut": "ACTIF", "photo": "", "notes": "", "createur": 3, "created_at": "2026-05-25T08:00:25.771Z", "updated_at": "2026-05-25T08:00:25.771Z"}}, {"model": "cheptel.animal", "pk": 36, "fields": {"identifiant": "LAP-013", "nom": "", "ferme": 2, "espece": 5, "lot": 4, "race": "Lapin Angora", "sexe": "M", "date_naissance": "2025-03-14", "date_arrivee": "2026-05-25", "statut": "VENDU", "photo": "", "notes": "", "createur": 3, "created_at": "2026-05-25T08:01:03.884Z", "updated_at": "2026-05-25T08:01:03.884Z"}}, {"model": "cheptel.animal", "pk": 37, "fields": {"identifiant": "LAP-014", "nom": "Vy", "ferme": 2, "espece": 5, "lot": 4, "race": "Lapin Nain", "sexe": "F", "date_naissance": "2025-12-05", "date_arrivee": "2026-05-25", "statut": "ACTIF", "photo": "", "notes": "", "createur": 3, "created_at": "2026-05-25T08:01:59.080Z", "updated_at": "2026-05-25T08:01:59.080Z"}}, {"model": "cheptel.animal", "pk": 38, "fields": {"identifiant": "DI-001", "nom": "DIDA", "ferme": 2, "espece": 7, "lot": 10, "race": "Dinde Bronze", "sexe": "M", "date_naissance": "2024-02-22", "date_arrivee": "2026-05-25", "statut": "ACTIF", "photo": "", "notes": "", "createur": 3, "created_at": "2026-05-25T08:04:15.101Z", "updated_at": "2026-05-25T08:04:15.101Z"}}, {"model": "cheptel.animal", "pk": 39, "fields": {"identifiant": "DI-002", "nom": "Inde", "ferme": 2, "espece": 7, "lot": 10, "race": "Dinde Bronze", "sexe": "F", "date_naissance": "2024-09-11", "date_arrivee": "2026-05-25", "statut": "ACTIF", "photo": "", "notes": "", "createur": 3, "created_at": "2026-05-25T08:04:50.280Z", "updated_at": "2026-05-25T08:04:50.280Z"}}, {"model": "cheptel.animal", "pk": 40, "fields": {"identifiant": "DI-003", "nom": "Vy", "ferme": 2, "espece": 7, "lot": 10, "race": "Dinde Bronze", "sexe": "M", "date_naissance": "2024-02-02", "date_arrivee": "2026-05-25", "statut": "ACTIF", "photo": "", "notes": "", "createur": 3, "created_at": "2026-05-25T08:05:46.954Z", "updated_at": "2026-05-25T08:05:46.954Z"}}, {"model": "cheptel.animal", "pk": 41, "fields": {"identifiant": "DI-004", "nom": "", "ferme": 2, "espece": 7, "lot": 10, "race": "Dinde Bronze", "sexe": "F", "date_naissance": "2024-03-17", "date_arrivee": "2026-05-25", "statut": "VENDU", "photo": "", "notes": "", "createur": 3, "created_at": "2026-05-25T08:06:24.868Z", "updated_at": "2026-05-25T08:06:24.868Z"}}, {"model": "cheptel.animal", "pk": 42, "fields": {"identifiant": "DI-005", "nom": "Soza", "ferme": 2, "espece": 7, "lot": 10, "race": "Dinde Bronze", "sexe": "F", "date_naissance": "2024-04-09", "date_arrivee": "2026-05-25", "statut": "VENDU", "photo": "", "notes": "", "createur": 3, "created_at": "2026-05-25T08:07:11.483Z", "updated_at": "2026-05-25T08:07:11.483Z"}}, {"model": "cheptel.animal", "pk": 43, "fields": {"identifiant": "DI-006", "nom": "Coea", "ferme": 2, "espece": 7, "lot": 10, "race": "Dinde Bronze", "sexe": "F", "date_naissance": "2025-03-22", "date_arrivee": "2026-05-25", "statut": "ACTIF", "photo": "", "notes": "", "createur": 3, "created_at": "2026-05-25T08:07:52.179Z", "updated_at": "2026-05-25T08:07:52.179Z"}}, {"model": "cheptel.animal", "pk": 44, "fields": {"identifiant": "DI- 007", "nom": "Jac", "ferme": 2, "espece": 7, "lot": 10, "race": "Dinde Bronze", "sexe": "M", "date_naissance": "2024-07-05", "date_arrivee": "2026-05-25", "statut": "ACTIF", "photo": "", "notes": "", "createur": 3, "created_at": "2026-05-25T08:08:33.708Z", "updated_at": "2026-05-25T08:08:33.708Z"}}, {"model": "cheptel.animal", "pk": 45, "fields": {"identifiant": "DI-008", "nom": "LYR", "ferme": 2, "espece": 7, "lot": 10, "race": "Dinde Bronze", "sexe": "F", "date_naissance": "2024-09-22", "date_arrivee": "2026-05-25", "statut": "ACTIF", "photo": "", "notes": "", "createur": 3, "created_at": "2026-05-25T08:09:15.402Z", "updated_at": "2026-05-25T08:09:15.402Z"}}, {"model": "cheptel.animal", "pk": 46, "fields": {"identifiant": "DI-009", "nom": "serz", "ferme": 2, "espece": 7, "lot": 10, "race": "Dinde Bronze", "sexe": "M", "date_naissance": "2024-08-21", "date_arrivee": "2026-05-25", "statut": "VENDU", "photo": "", "notes": "", "createur": 3, "created_at": "2026-05-25T08:09:51.151Z", "updated_at": "2026-05-25T08:09:51.151Z"}}, {"model": "cheptel.animal", "pk": 47, "fields": {"identifiant": "DI- 010", "nom": "", "ferme": 2, "espece": 7, "lot": 10, "race": "Dinde Bronze", "sexe": "F", "date_naissance": "2024-09-09", "date_arrivee": "2026-05-25", "statut": "ACTIF", "photo": "", "notes": "", "createur": 3, "created_at": "2026-05-25T08:10:37.127Z", "updated_at": "2026-05-25T08:10:37.127Z"}}, {"model": "cheptel.animal", "pk": 48, "fields": {"identifiant": "DI-011", "nom": "", "ferme": 2, "espece": 7, "lot": 10, "race": "Dinde Bronze", "sexe": "F", "date_naissance": "2024-04-13", "date_arrivee": "2026-05-25", "statut": "VENDU", "photo": "", "notes": "", "createur": 3, "created_at": "2026-05-25T08:11:10.756Z", "updated_at": "2026-05-25T08:11:10.756Z"}}, {"model": "cheptel.animal", "pk": 49, "fields": {"identifiant": "DI-012", "nom": "", "ferme": 2, "espece": 7, "lot": 10, "race": "Dinde Bronze", "sexe": "M", "date_naissance": "2024-10-29", "date_arrivee": "2026-05-25", "statut": "ACTIF", "photo": "", "notes": "", "createur": 3, "created_at": "2026-05-25T08:11:47.066Z", "updated_at": "2026-05-25T08:11:47.066Z"}}, {"model": "cheptel.animal", "pk": 50, "fields": {"identifiant": "DI-013", "nom": "Asez", "ferme": 2, "espece": 7, "lot": 10, "race": "Dinde Bronze", "sexe": "F", "date_naissance": "2025-03-25", "date_arrivee": "2026-05-25", "statut": "ACTIF", "photo": "", "notes": "", "createur": 3, "created_at": "2026-05-25T08:12:33.538Z", "updated_at": "2026-05-25T08:12:33.538Z"}}, {"model": "cheptel.animal", "pk": 51, "fields": {"identifiant": "PC-001", "nom": "Large", "ferme": 2, "espece": 10, "lot": 11, "race": "Large White", "sexe": "F", "date_naissance": "2022-09-11", "date_arrivee": "2026-05-25", "statut": "ACTIF", "photo": "", "notes": "", "createur": 3, "created_at": "2026-05-25T08:27:30.807Z", "updated_at": "2026-05-25T08:27:30.807Z"}}, {"model": "cheptel.animal", "pk": 52, "fields": {"identifiant": "PC-002", "nom": "Luz", "ferme": 2, "espece": 10, "lot": 11, "race": "Large White", "sexe": "M", "date_naissance": "2022-06-22", "date_arrivee": "2026-05-25", "statut": "ACTIF", "photo": "", "notes": "", "createur": 3, "created_at": "2026-05-25T08:28:19.421Z", "updated_at": "2026-05-25T08:28:19.421Z"}}, {"model": "cheptel.animal", "pk": 53, "fields": {"identifiant": "PC-003", "nom": "Hul", "ferme": 2, "espece": 10, "lot": 11, "race": "Landrace", "sexe": "M", "date_naissance": "2023-03-06", "date_arrivee": "2026-05-25", "statut": "ACTIF", "photo": "", "notes": "", "createur": 3, "created_at": "2026-05-25T08:29:04.852Z", "updated_at": "2026-05-25T08:29:04.852Z"}}, {"model": "cheptel.animal", "pk": 54, "fields": {"identifiant": "PC-004", "nom": "", "ferme": 2, "espece": 10, "lot": 11, "race": "Landrace", "sexe": "M", "date_naissance": "2022-09-14", "date_arrivee": "2026-05-25", "statut": "ACTIF", "photo": "", "notes": "", "createur": 3, "created_at": "2026-05-25T08:29:37.095Z", "updated_at": "2026-05-25T08:29:37.095Z"}}, {"model": "cheptel.animal", "pk": 55, "fields": {"identifiant": "PC-005", "nom": "BAjou", "ferme": 2, "espece": 10, "lot": 11, "race": "Landrace", "sexe": "F", "date_naissance": "2022-05-23", "date_arrivee": "2026-05-25", "statut": "VENDU", "photo": "", "notes": "", "createur": 3, "created_at": "2026-05-25T08:30:19.775Z", "updated_at": "2026-05-25T08:30:19.775Z"}}, {"model": "cheptel.animal", "pk": 56, "fields": {"identifiant": "PC-006", "nom": "Bagi", "ferme": 2, "espece": 10, "lot": 11, "race": "Large White", "sexe": "F", "date_naissance": "2022-02-04", "date_arrivee": "2026-05-25", "statut": "VENDU", "photo": "", "notes": "", "createur": 3, "created_at": "2026-05-25T08:31:13.031Z", "updated_at": "2026-05-25T08:31:13.031Z"}}, {"model": "cheptel.animal", "pk": 57, "fields": {"identifiant": "PC-007", "nom": "", "ferme": 2, "espece": 10, "lot": 11, "race": "Duroc", "sexe": "F", "date_naissance": "2022-03-20", "date_arrivee": "2026-05-25", "statut": "ACTIF", "photo": "", "notes": "", "createur": 3, "created_at": "2026-05-25T08:31:55.382Z", "updated_at": "2026-05-25T08:31:55.382Z"}}, {"model": "cheptel.animal", "pk": 58, "fields": {"identifiant": "PC-008", "nom": "", "ferme": 2, "espece": 10, "lot": 11, "race": "Duroc", "sexe": "F", "date_naissance": "2022-08-18", "date_arrivee": "2026-05-25", "statut": "DECEDE", "photo": "", "notes": "Déces", "createur": 3, "created_at": "2026-05-25T08:33:21.520Z", "updated_at": "2026-05-25T08:33:21.521Z"}}, {"model": "cheptel.animal", "pk": 59, "fields": {"identifiant": "PC-009", "nom": "Voq", "ferme": 2, "espece": 10, "lot": 11, "race": "Duroc", "sexe": "F", "date_naissance": "2023-07-12", "date_arrivee": "2026-05-25", "statut": "ACTIF", "photo": "", "notes": "", "createur": 3, "created_at": "2026-05-25T08:34:06.018Z", "updated_at": "2026-05-25T08:34:06.018Z"}}, {"model": "cheptel.animal", "pk": 60, "fields": {"identifiant": "PC-010", "nom": "Mfo", "ferme": 2, "espece": 10, "lot": 11, "race": "Piétrain", "sexe": "F", "date_naissance": "2022-01-30", "date_arrivee": "2026-05-25", "statut": "ACTIF", "photo": "", "notes": "", "createur": 3, "created_at": "2026-05-25T08:35:00.619Z", "updated_at": "2026-05-25T08:35:00.619Z"}}, {"model": "cheptel.traitement", "pk": 1, "fields": {"animal": 12, "ferme": 2, "type": "VACCIN", "date": "2025-05-01", "produit": 7, "dose": "2ml", "rappel_le": "2026-05-09", "operateur": 3, "notes": "", "created_at": "2026-05-09T14:01:20.920Z"}}, {"model": "cheptel.traitement", "pk": 2, "fields": {"animal": 9, "ferme": 2, "type": "MALADIE", "date": "2026-01-21", "produit": 8, "dose": "2ml", "rappel_le": "2026-02-14", "operateur": 3, "notes": "", "created_at": "2026-05-10T08:00:36.572Z"}}, {"model": "cheptel.traitement", "pk": 3, "fields": {"animal": 21, "ferme": 2, "type": "VACCIN", "date": "2026-05-10", "produit": 3, "dose": "4ml", "rappel_le": "2026-05-17", "operateur": 3, "notes": "Obligatoire", "created_at": "2026-05-10T08:02:47.989Z"}}, {"model": "cheptel.traitement", "pk": 4, "fields": {"animal": 23, "ferme": 2, "type": "MALADIE", "date": "2026-05-22", "produit": 7, "dose": "2ml", "rappel_le": "2026-05-25", "operateur": 3, "notes": "Urgence", "created_at": "2026-05-24T17:05:14.689Z"}}, {"model": "cheptel.rapportjournalier", "pk": 1, "fields": {"ferme": 2, "date": "2024-07-21", "nombre_morts": 0, "oeufs_pondus": 14, "aliment_kg": "23.70", "eau_litres": "37.00", "sujets_malades": 7, "notes": "RAS", "createur": null, "created_at": "2026-05-09T13:02:22.170Z", "updated_at": "2026-05-09T13:02:22.170Z"}}, {"model": "cheptel.rapportjournalier", "pk": 2, "fields": {"ferme": 2, "date": "2025-05-21", "nombre_morts": 1, "oeufs_pondus": 63, "aliment_kg": "39.30", "eau_litres": "14.50", "sujets_malades": 7, "notes": "", "createur": null, "created_at": "2026-05-09T13:03:14.578Z", "updated_at": "2026-05-09T13:03:14.578Z"}}, {"model": "cheptel.rapportjournalier", "pk": 3, "fields": {"ferme": 2, "date": "2025-05-22", "nombre_morts": 0, "oeufs_pondus": 18, "aliment_kg": "35.00", "eau_litres": "17.30", "sujets_malades": 4, "notes": "", "createur": null, "created_at": "2026-05-09T13:04:46.317Z", "updated_at": "2026-05-09T13:04:46.317Z"}}, {"model": "cheptel.rapportjournalier", "pk": 4, "fields": {"ferme": 2, "date": "2026-05-04", "nombre_morts": 6, "oeufs_pondus": 71, "aliment_kg": "27.70", "eau_litres": "17.10", "sujets_malades": 2, "notes": "", "createur": 3, "created_at": "2026-05-09T14:16:39.000Z", "updated_at": "2026-05-10T07:55:59.719Z"}}, {"model": "cheptel.rapportjournalier", "pk": 5, "fields": {"ferme": 2, "date": "2026-05-08", "nombre_morts": 0, "oeufs_pondus": 122, "aliment_kg": "29.10", "eau_litres": "19.30", "sujets_malades": 2, "notes": "Satisfait", "createur": 3, "created_at": "2026-05-10T07:57:04.967Z", "updated_at": "2026-05-10T07:57:04.967Z"}}, {"model": "cheptel.rapportjournalier", "pk": 6, "fields": {"ferme": 2, "date": "2026-05-24", "nombre_morts": 2, "oeufs_pondus": 94, "aliment_kg": "36.70", "eau_litres": "10.70", "sujets_malades": 1, "notes": "Peu satisfaisant", "createur": 3, "created_at": "2026-05-24T17:04:14.534Z", "updated_at": "2026-05-24T17:04:14.534Z"}}]